Workbook
Name CCCC: [1]DATOS!$XEW$3:$XFD$9
Name estado: [1]DATOS!#REF!
Name HYPOCRISY: [1]Hoja5!$V$4:$AD$60

Sheet InPut
L1: =M1-1 -> 45946 | M1: =N1-1 -> 45947 | N1: =O1-1 -> 45948 | O1: =P1-1 -> 45949 | P1: =Q1-1 -> 45950 | Q1: =R1-1 -> 45951 | R1: =S1-1 -> 45952 | S1: =T1-1 -> 45953 | ... AS1: =AT1-1 -> 45979 | AT1: =I2 -> 45980
A2: INPUT | G2: Verify | I2: =DATE(YEAR(MAX(F:F)),MONTH(MAX(F:F)),DAY(MAX(F:F))) -> 45980
A3: ATM | B3: TICKET_KEY | C3: Ventana | D3: Cliente | E3: Fecha_inicio | F3: Fecha_fin | G3: ATM2 | H3: Cálculo diario | I3: DiaCorrido | J3: Ext-IN | K3: Ext-Out | L3: D1 | M3: D2 | N3: D3 | O3: D4 | P3: D5 | Q3: D6 | R3: D7 | S3: D8 | T3: D9 | U3: D10 | V3: D11 | W3: D12 | X3: D13 | Y3: D14 | Z3: D15 | AA3: D16 | AB3: D17 | AC3: D18 | AD3: D19 | AE3: D20 | AF3: D21 | AG3: D22 | AH3: D23 | AI3: D24 | AJ3: D25 | AK3: D26 | AL3: D27 | AM3: D28 | AN3: D29 | AO3: D30 | AP3: D31 | AQ3: D32 | AR3: D33 | AS3: D34 | AT3: D35
A4: V00124 | B4: 1 | C4: =VLOOKUP(A4,IBase!A:R,18,0) -> L-V(9-17) | D4: Cli1 | E4: 45971.687 | F4: 45980.853 | G4: =IFERROR(VLOOKUP(A4,IBase!A:A,1,0),D4) -> V00124 | H4: =IFERROR(SUM(L4:AT4),0) -> 3391.1 | I4: =IF(ISERROR(MAX(0,IF(F4>(DATE(YEAR(E4),MONTH(E4),DAY(E4))+VLOOKUP(G4,IBase!A:AJ,(29+WEEKDAY(E4,2)),0)*1),(DATE(YEAR(E4),MONTH(E4),DAY(E4))+VLOOKUP(G4,IBase!A:AJ,(29+WEEKDAY(E4,2)),0)*1),F4)-IF(E4>(DATE(YEAR(E4),MONTH(E4),DAY(E4))+VLOOKUP(G4,IBase!A:AC,(22+WEEKDAY(E4,2)),0)*1),E4,(DATE(YEAR(E4),MONTH(E4),DAY(E4))+VLOOKUP(G4,IBase!A:AC,(22+WEEKDAY(E4,2)),0)*1)))),0,MAX(0,IF(F4>(DATE(YEAR(E4),MONTH(E4),DAY(E4))+VLOOKUP(G4,IBase!A:AJ,(29+WEEKDAY(E4,2)),0)*1),(DATE(YEAR(E4),MONTH(E4),DAY(E4))+VLOOKUP(G4,IBase!A:AJ,(29+WEEKDAY(E4,2)),0)*1),F4)-IF(E4>(DATE(YEAR(E4),MONTH(E4),DAY(E4))+VLOOKUP(G4,IBase!A:AC,(22+WEEKDAY(E4,2)),0)*1),E4,(DATE(YEAR(E4),MONTH(E4),DAY(E4))+VLOOKUP(G4,IBase!A:AC,(22+WEEKDAY(E4,2)),0)*1)))) -> 0.021597222 | J4: =IF(ISERROR(MAX(0,DATE(YEAR(E4),MONTH(E4),DAY(E4))+VLOOKUP(G4,IBase!A:AJ,(29+WEEKDAY(E4,2)),0)-(IF(E4>DATE(YEAR(E4),MONTH(E4),DAY(E4))+VLOOKUP(G4,IBase!A:AC,(22+WEEKDAY(E4,2)),0),E4,DATE(YEAR(E4),MONTH(E4),DAY(E4))+VLOOKUP(G4,IBase!A:AC,(22+WEEKDAY(E4,2)),0))))),0,MAX(0,DATE(YEAR(E4),MONTH(E4),DAY(E4))+VLOOKUP(G4,IBase!A:AJ,(29+WEEKDAY(E4,2)),0)-(IF(E4>DATE(YEAR(E4),MONTH(E4),DAY(E4))+VLOOKUP(G4,IBase!A:AC,(22+WEEKDAY(E4,2)),0),E4,DATE(YEAR(E4),MONTH(E4),DAY(E4))+VLOOKUP(G4,IBase!A:AC,(22+WEEKDAY(E4,2)),0))))) -> 0.021597222 | K4: =IF(ISERROR(MAX(0,(IF(F4<DATE(YEAR(F4),MONTH(F4),DAY(F4))+VLOOKUP(G4,IBase!A:AJ,(29+WEEKDAY(F4,2)),0),F4,DATE(YEAR(F4),MONTH(F4),DAY(F4))+VLOOKUP(G4,IBase!A:AJ,(29+WEEKDAY(F4,2)),0)))-(DATE(YEAR(F4),MONTH(F4),DAY(F4))+VLOOKUP(G4,IBase!A:AC,(22+WEEKDAY(F4,2)),0)))),0,MAX(0,(IF(F4<DATE(YEAR(F4),MONTH(F4),DAY(F4))+VLOOKUP(G4,IBase!A:AJ,(29+WEEKDAY(F4,2)),0),F4,DATE(YEAR(F4),MONTH(F4),DAY(F4))+VLOOKUP(G4,IBase!A:AJ,(29+WEEKDAY(F4,2)),0)))-(DATE(YEAR(F4),MONTH(F4),DAY(F4))+VLOOKUP(G4,IBase!A:AC,(22+WEEKDAY(F4,2)),0)))) -> 0.33333333 | L4: =IF(AND(INT($E4)<=L$1,INT($F4)>=L$1),IF(L$2="X",0,IF(INT($E4)=INT($F4),$I4*1440,IF((INT($F4)-INT($E4))>=2,IF(INT($E4)=INT(L$1),$J4*1440,IF(INT($F4)=INT(L$1),$K4*1440,IF(ISERROR(VLOOKUP($G4,IBase!$A:$AQ,36+WEEKDAY(DATE(YEAR(L$1),MONTH(L$1),DAY(L$1)),2),0)),0,VLOOKUP($G4,IBase!$A:$AQ,36+WEEKDAY(DATE(YEAR(L$1),MONTH(L$1),DAY(L$1)),2),0)))),IF(INT($E4)=INT(L$1),$J4*1440,$K4*1440)))),"") | M4: =IF(AND(INT($E4)<=M$1,INT($F4)>=M$1),IF(M$2="X",0,IF(INT($E4)=INT($F4),$I4*1440,IF((INT($F4)-INT($E4))>=2,IF(INT($E4)=INT(M$1),$J4*1440,IF(INT($F4)=INT(M$1),$K4*1440,IF(ISERROR(VLOOKUP($G4,IBase!$A:$AQ,36+WEEKDAY(DATE(YEAR(M$1),MONTH(M$1),DAY(M$1)),2),0)),0,VLOOKUP($G4,IBase!$A:$AQ,36+WEEKDAY(DATE(YEAR(M$1),MONTH(M$1),DAY(M$1)),2),0)))),IF(INT($E4)=INT(M$1),$J4*1440,$K4*1440)))),"") | N4: =IF(AND(INT($E4)<=N$1,INT($F4)>=N$1),IF(N$2="X",0,IF(INT($E4)=INT($F4),$I4*1440,IF((INT($F4)-INT($E4))>=2,IF(INT($E4)=INT(N$1),$J4*1440,IF(INT($F4)=INT(N$1),$K4*1440,IF(ISERROR(VLOOKUP($G4,IBase!$A:$AQ,36+WEEKDAY(DATE(YEAR(N$1),MONTH(N$1),DAY(N$1)),2),0)),0,VLOOKUP($G4,IBase!$A:$AQ,36+WEEKDAY(DATE(YEAR(N$1),MONTH(N$1),DAY(N$1)),2),0)))),IF(INT($E4)=INT(N$1),$J4*1440,$K4*1440)))),"") | O4: =IF(AND(INT($E4)<=O$1,INT($F4)>=O$1),IF(O$2="X",0,IF(INT($E4)=INT($F4),$I4*1440,IF((INT($F4)-INT($E4))>=2,IF(INT($E4)=INT(O$1),$J4*1440,IF(INT($F4)=INT(O$1),$K4*1440,IF(ISERROR(VLOOKUP($G4,IBase!$A:$AQ,36+WEEKDAY(DATE(YEAR(O$1),MONTH(O$1),DAY(O$1)),2),0)),0,VLOOKUP($G4,IBase!$A:$AQ,36+WEEKDAY(DATE(YEAR(O$1),MONTH(O$1),DAY(O$1)),2),0)))),IF(INT($E4)=INT(O$1),$J4*1440,$K4*1440)))),"") | P4: =IF(AND(INT($E4)<=P$1,INT($F4)>=P$1),IF(P$2="X",0,IF(INT($E4)=INT($F4),$I4*1440,IF((INT($F4)-INT($E4))>=2,IF(INT($E4)=INT(P$1),$J4*1440,IF(INT($F4)=INT(P$1),$K4*1440,IF(ISERROR(VLOOKUP($G4,IBase!$A:$AQ,36+WEEKDAY(DATE(YEAR(P$1),MONTH(P$1),DAY(P$1)),2),0)),0,VLOOKUP($G4,IBase!$A:$AQ,36+WEEKDAY(DATE(YEAR(P$1),MONTH(P$1),DAY(P$1)),2),0)))),IF(INT($E4)=INT(P$1),$J4*1440,$K4*1440)))),"") | Q4: =IF(AND(INT($E4)<=Q$1,INT($F4)>=Q$1),IF(Q$2="X",0,IF(INT($E4)=INT($F4),$I4*1440,IF((INT($F4)-INT($E4))>=2,IF(INT($E4)=INT(Q$1),$J4*1440,IF(INT($F4)=INT(Q$1),$K4*1440,IF(ISERROR(VLOOKUP($G4,IBase!$A:$AQ,36+WEEKDAY(DATE(YEAR(Q$1),MONTH(Q$1),DAY(Q$1)),2),0)),0,VLOOKUP($G4,IBase!$A:$AQ,36+WEEKDAY(DATE(YEAR(Q$1),MONTH(Q$1),DAY(Q$1)),2),0)))),IF(INT($E4)=INT(Q$1),$J4*1440,$K4*1440)))),"") | R4: =IF(AND(INT($E4)<=R$1,INT($F4)>=R$1),IF(R$2="X",0,IF(INT($E4)=INT($F4),$I4*1440,IF((INT($F4)-INT($E4))>=2,IF(INT($E4)=INT(R$1),$J4*1440,IF(INT($F4)=INT(R$1),$K4*1440,IF(ISERROR(VLOOKUP($G4,IBase!$A:$AQ,36+WEEKDAY(DATE(YEAR(R$1),MONTH(R$1),DAY(R$1)),2),0)),0,VLOOKUP($G4,IBase!$A:$AQ,36+WEEKDAY(DATE(YEAR(R$1),MONTH(R$1),DAY(R$1)),2),0)))),IF(INT($E4)=INT(R$1),$J4*1440,$K4*1440)))),"") | S4: =IF(AND(INT($E4)<=S$1,INT($F4)>=S$1),IF(S$2="X",0,IF(INT($E4)=INT($F4),$I4*1440,IF((INT($F4)-INT($E4))>=2,IF(INT($E4)=INT(S$1),$J4*1440,IF(INT($F4)=INT(S$1),$K4*1440,IF(ISERROR(VLOOKUP($G4,IBase!$A:$AQ,36+WEEKDAY(DATE(YEAR(S$1),MONTH(S$1),DAY(S$1)),2),0)),0,VLOOKUP($G4,IBase!$A:$AQ,36+WEEKDAY(DATE(YEAR(S$1),MONTH(S$1),DAY(S$1)),2),0)))),IF(INT($E4)=INT(S$1),$J4*1440,$K4*1440)))),"") | ... AT4: =IF(AND(INT($E4)<=AT$1,INT($F4)>=AT$1),IF(AT$2="X",0,IF(INT($E4)=INT($F4),$I4*1440,IF((INT($F4)-INT($E4))>=2,IF(INT($E4)=INT(AT$1),$J4*1440,IF(INT($F4)=INT(AT$1),$K4*1440,IF(ISERROR(VLOOKUP($G4,IBase!$A:$AQ,36+WEEKDAY(DATE(YEAR(AT$1),MONTH(AT$1),DAY(AT$1)),2),0)),0,VLOOKUP($G4,IBase!$A:$AQ,36+WEEKDAY(DATE(YEAR(AT$1),MONTH(AT$1),DAY(AT$1)),2),0)))),IF(INT($E4)=INT(AT$1),$J4*1440,$K4*1440)))),"") -> 480
A5: V00127 | B5: 2 | C5: =VLOOKUP(A5,IBase!A:R,18,0) -> L-S(9-17) | D5: Cli2 | E5: 45962.77 | F5: 45980.853 | G5: =IFERROR(VLOOKUP(A5,IBase!A:A,1,0),D5) -> V00127 | H5: =IFERROR(SUM(L5:AT5),0) -> 9031.1 | I5: =IF(ISERROR(MAX(0,IF(F5>(DATE(YEAR(E5),MONTH(E5),DAY(E5))+VLOOKUP(G5,IBase!A:AJ,(29+WEEKDAY(E5,2)),0)*1),(DATE(YEAR(E5),MONTH(E5),DAY(E5))+VLOOKUP(G5,IBase!A:AJ,(29+WEEKDAY(E5,2)),0)*1),F5)-IF(E5>(DATE(YEAR(E5),MONTH(E5),DAY(E5))+VLOOKUP(G5,IBase!A:AC,(22+WEEKDAY(E5,2)),0)*1),E5,(DATE(YEAR(E5),MONTH(E5),DAY(E5))+VLOOKUP(G5,IBase!A:AC,(22+WEEKDAY(E5,2)),0)*1)))),0,MAX(0,IF(F5>(DATE(YEAR(E5),MONTH(E5),DAY(E5))+VLOOKUP(G5,IBase!A:AJ,(29+WEEKDAY(E5,2)),0)*1),(DATE(YEAR(E5),MONTH(E5),DAY(E5))+VLOOKUP(G5,IBase!A:AJ,(29+WEEKDAY(E5,2)),0)*1),F5)-IF(E5>(DATE(YEAR(E5),MONTH(E5),DAY(E5))+VLOOKUP(G5,IBase!A:AC,(22+WEEKDAY(E5,2)),0)*1),E5,(DATE(YEAR(E5),MONTH(E5),DAY(E5))+VLOOKUP(G5,IBase!A:AC,(22+WEEKDAY(E5,2)),0)*1)))) -> 0.021597222 | J5: =IF(ISERROR(MAX(0,DATE(YEAR(E5),MONTH(E5),DAY(E5))+VLOOKUP(G5,IBase!A:AJ,(29+WEEKDAY(E5,2)),0)-(IF(E5>DATE(YEAR(E5),MONTH(E5),DAY(E5))+VLOOKUP(G5,IBase!A:AC,(22+WEEKDAY(E5,2)),0),E5,DATE(YEAR(E5),MONTH(E5),DAY(E5))+VLOOKUP(G5,IBase!A:AC,(22+WEEKDAY(E5,2)),0))))),0,MAX(0,DATE(YEAR(E5),MONTH(E5),DAY(E5))+VLOOKUP(G5,IBase!A:AJ,(29+WEEKDAY(E5,2)),0)-(IF(E5>DATE(YEAR(E5),MONTH(E5),DAY(E5))+VLOOKUP(G5,IBase!A:AC,(22+WEEKDAY(E5,2)),0),E5,DATE(YEAR(E5),MONTH(E5),DAY(E5))+VLOOKUP(G5,IBase!A:AC,(22+WEEKDAY(E5,2)),0))))) -> 0.021597222 | K5: =IF(ISERROR(MAX(0,(IF(F5<DATE(YEAR(F5),MONTH(F5),DAY(F5))+VLOOKUP(G5,IBase!A:AJ,(29+WEEKDAY(F5,2)),0),F5,DATE(YEAR(F5),MONTH(F5),DAY(F5))+VLOOKUP(G5,IBase!A:AJ,(29+WEEKDAY(F5,2)),0)))-(DATE(YEAR(F5),MONTH(F5),DAY(F5))+VLOOKUP(G5,IBase!A:AC,(22+WEEKDAY(F5,2)),0)))),0,MAX(0,(IF(F5<DATE(YEAR(F5),MONTH(F5),DAY(F5))+VLOOKUP(G5,IBase!A:AJ,(29+WEEKDAY(F5,2)),0),F5,DATE(YEAR(F5),MONTH(F5),DAY(F5))+VLOOKUP(G5,IBase!A:AJ,(29+WEEKDAY(F5,2)),0)))-(DATE(YEAR(F5),MONTH(F5),DAY(F5))+VLOOKUP(G5,IBase!A:AC,(22+WEEKDAY(F5,2)),0)))) -> 0.41666667 | L5: =IF(AND(INT($E5)<=L$1,INT($F5)>=L$1),IF(L$2="X",0,IF(INT($E5)=INT($F5),$I5*1440,IF((INT($F5)-INT($E5))>=2,IF(INT($E5)=INT(L$1),$J5*1440,IF(INT($F5)=INT(L$1),$K5*1440,IF(ISERROR(VLOOKUP($G5,IBase!$A:$AQ,36+WEEKDAY(DATE(YEAR(L$1),MONTH(L$1),DAY(L$1)),2),0)),0,VLOOKUP($G5,IBase!$A:$AQ,36+WEEKDAY(DATE(YEAR(L$1),MONTH(L$1),DAY(L$1)),2),0)))),IF(INT($E5)=INT(L$1),$J5*1440,$K5*1440)))),"") | M5: =IF(AND(INT($E5)<=M$1,INT($F5)>=M$1),IF(M$2="X",0,IF(INT($E5)=INT($F5),$I5*1440,IF((INT($F5)-INT($E5))>=2,IF(INT($E5)=INT(M$1),$J5*1440,IF(INT($F5)=INT(M$1),$K5*1440,IF(ISERROR(VLOOKUP($G5,IBase!$A:$AQ,36+WEEKDAY(DATE(YEAR(M$1),MONTH(M$1),DAY(M$1)),2),0)),0,VLOOKUP($G5,IBase!$A:$AQ,36+WEEKDAY(DATE(YEAR(M$1),MONTH(M$1),DAY(M$1)),2),0)))),IF(INT($E5)=INT(M$1),$J5*1440,$K5*1440)))),"") | N5: =IF(AND(INT($E5)<=N$1,INT($F5)>=N$1),IF(N$2="X",0,IF(INT($E5)=INT($F5),$I5*1440,IF((INT($F5)-INT($E5))>=2,IF(INT($E5)=INT(N$1),$J5*1440,IF(INT($F5)=INT(N$1),$K5*1440,IF(ISERROR(VLOOKUP($G5,IBase!$A:$AQ,36+WEEKDAY(DATE(YEAR(N$1),MONTH(N$1),DAY(N$1)),2),0)),0,VLOOKUP($G5,IBase!$A:$AQ,36+WEEKDAY(DATE(YEAR(N$1),MONTH(N$1),DAY(N$1)),2),0)))),IF(INT($E5)=INT(N$1),$J5*1440,$K5*1440)))),"") | O5: =IF(AND(INT($E5)<=O$1,INT($F5)>=O$1),IF(O$2="X",0,IF(INT($E5)=INT($F5),$I5*1440,IF((INT($F5)-INT($E5))>=2,IF(INT($E5)=INT(O$1),$J5*1440,IF(INT($F5)=INT(O$1),$K5*1440,IF(ISERROR(VLOOKUP($G5,IBase!$A:$AQ,36+WEEKDAY(DATE(YEAR(O$1),MONTH(O$1),DAY(O$1)),2),0)),0,VLOOKUP($G5,IBase!$A:$AQ,36+WEEKDAY(DATE(YEAR(O$1),MONTH(O$1),DAY(O$1)),2),0)))),IF(INT($E5)=INT(O$1),$J5*1440,$K5*1440)))),"") | P5: =IF(AND(INT($E5)<=P$1,INT($F5)>=P$1),IF(P$2="X",0,IF(INT($E5)=INT($F5),$I5*1440,IF((INT($F5)-INT($E5))>=2,IF(INT($E5)=INT(P$1),$J5*1440,IF(INT($F5)=INT(P$1),$K5*1440,IF(ISERROR(VLOOKUP($G5,IBase!$A:$AQ,36+WEEKDAY(DATE(YEAR(P$1),MONTH(P$1),DAY(P$1)),2),0)),0,VLOOKUP($G5,IBase!$A:$AQ,36+WEEKDAY(DATE(YEAR(P$1),MONTH(P$1),DAY(P$1)),2),0)))),IF(INT($E5)=INT(P$1),$J5*1440,$K5*1440)))),"") | Q5: =IF(AND(INT($E5)<=Q$1,INT($F5)>=Q$1),IF(Q$2="X",0,IF(INT($E5)=INT($F5),$I5*1440,IF((INT($F5)-INT($E5))>=2,IF(INT($E5)=INT(Q$1),$J5*1440,IF(INT($F5)=INT(Q$1),$K5*1440,IF(ISERROR(VLOOKUP($G5,IBase!$A:$AQ,36+WEEKDAY(DATE(YEAR(Q$1),MONTH(Q$1),DAY(Q$1)),2),0)),0,VLOOKUP($G5,IBase!$A:$AQ,36+WEEKDAY(DATE(YEAR(Q$1),MONTH(Q$1),DAY(Q$1)),2),0)))),IF(INT($E5)=INT(Q$1),$J5*1440,$K5*1440)))),"") | R5: =IF(AND(INT($E5)<=R$1,INT($F5)>=R$1),IF(R$2="X",0,IF(INT($E5)=INT($F5),$I5*1440,IF((INT($F5)-INT($E5))>=2,IF(INT($E5)=INT(R$1),$J5*1440,IF(INT($F5)=INT(R$1),$K5*1440,IF(ISERROR(VLOOKUP($G5,IBase!$A:$AQ,36+WEEKDAY(DATE(YEAR(R$1),MONTH(R$1),DAY(R$1)),2),0)),0,VLOOKUP($G5,IBase!$A:$AQ,36+WEEKDAY(DATE(YEAR(R$1),MONTH(R$1),DAY(R$1)),2),0)))),IF(INT($E5)=INT(R$1),$J5*1440,$K5*1440)))),"") | S5: =IF(AND(INT($E5)<=S$1,INT($F5)>=S$1),IF(S$2="X",0,IF(INT($E5)=INT($F5),$I5*1440,IF((INT($F5)-INT($E5))>=2,IF(INT($E5)=INT(S$1),$J5*1440,IF(INT($F5)=INT(S$1),$K5*1440,IF(ISERROR(VLOOKUP($G5,IBase!$A:$AQ,36+WEEKDAY(DATE(YEAR(S$1),MONTH(S$1),DAY(S$1)),2),0)),0,VLOOKUP($G5,IBase!$A:$AQ,36+WEEKDAY(DATE(YEAR(S$1),MONTH(S$1),DAY(S$1)),2),0)))),IF(INT($E5)=INT(S$1),$J5*1440,$K5*1440)))),"") | ... AT5: =IF(AND(INT($E5)<=AT$1,INT($F5)>=AT$1),IF(AT$2="X",0,IF(INT($E5)=INT($F5),$I5*1440,IF((INT($F5)-INT($E5))>=2,IF(INT($E5)=INT(AT$1),$J5*1440,IF(INT($F5)=INT(AT$1),$K5*1440,IF(ISERROR(VLOOKUP($G5,IBase!$A:$AQ,36+WEEKDAY(DATE(YEAR(AT$1),MONTH(AT$1),DAY(AT$1)),2),0)),0,VLOOKUP($G5,IBase!$A:$AQ,36+WEEKDAY(DATE(YEAR(AT$1),MONTH(AT$1),DAY(AT$1)),2),0)))),IF(INT($E5)=INT(AT$1),$J5*1440,$K5*1440)))),"") -> 600
A6: V00136 | B6: 3 | C6: =VLOOKUP(A6,IBase!A:R,18,0) -> L-V(8-20),S-D(9-14) | D6: Cli3 | E6: 45976.589 | F6: 45980.556 | G6: =IFERROR(VLOOKUP(A6,IBase!A:A,1,0),D6) -> V00136 | H6: =IFERROR(SUM(L6:AT6),0) -> 2060 | I6: =IF(ISERROR(MAX(0,IF(F6>(DATE(YEAR(E6),MONTH(E6),DAY(E6))+VLOOKUP(G6,IBase!A:AJ,(29+WEEKDAY(E6,2)),0)*1),(DATE(YEAR(E6),MONTH(E6),DAY(E6))+VLOOKUP(G6,IBase!A:AJ,(29+WEEKDAY(E6,2)),0)*1),F6)-IF(E6>(DATE(YEAR(E6),MONTH(E6),DAY(E6))+VLOOKUP(G6,IBase!A:AC,(22+WEEKDAY(E6,2)),0)*1),E6,(DATE(YEAR(E6),MONTH(E6),DAY(E6))+VLOOKUP(G6,IBase!A:AC,(22+WEEKDAY(E6,2)),0)*1)))),0,MAX(0,IF(F6>(DATE(YEAR(E6),MONTH(E6),DAY(E6))+VLOOKUP(G6,IBase!A:AJ,(29+WEEKDAY(E6,2)),0)*1),(DATE(YEAR(E6),MONTH(E6),DAY(E6))+VLOOKUP(G6,IBase!A:AJ,(29+WEEKDAY(E6,2)),0)*1),F6)-IF(E6>(DATE(YEAR(E6),MONTH(E6),DAY(E6))+VLOOKUP(G6,IBase!A:AC,(22+WEEKDAY(E6,2)),0)*1),E6,(DATE(YEAR(E6),MONTH(E6),DAY(E6))+VLOOKUP(G6,IBase!A:AC,(22+WEEKDAY(E6,2)),0)*1)))) -> 0 | J6: =IF(ISERROR(MAX(0,DATE(YEAR(E6),MONTH(E6),DAY(E6))+VLOOKUP(G6,IBase!A:AJ,(29+WEEKDAY(E6,2)),0)-(IF(E6>DATE(YEAR(E6),MONTH(E6),DAY(E6))+VLOOKUP(G6,IBase!A:AC,(22+WEEKDAY(E6,2)),0),E6,DATE(YEAR(E6),MONTH(E6),DAY(E6))+VLOOKUP(G6,IBase!A:AC,(22+WEEKDAY(E6,2)),0))))),0,MAX(0,DATE(YEAR(E6),MONTH(E6),DAY(E6))+VLOOKUP(G6,IBase!A:AJ,(29+WEEKDAY(E6,2)),0)-(IF(E6>DATE(YEAR(E6),MONTH(E6),DAY(E6))+VLOOKUP(G6,IBase!A:AC,(22+WEEKDAY(E6,2)),0),E6,DATE(YEAR(E6),MONTH(E6),DAY(E6))+VLOOKUP(G6,IBase!A:AC,(22+WEEKDAY(E6,2)),0))))) -> 0 | K6: =IF(ISERROR(MAX(0,(IF(F6<DATE(YEAR(F6),MONTH(F6),DAY(F6))+VLOOKUP(G6,IBase!A:AJ,(29+WEEKDAY(F6,2)),0),F6,DATE(YEAR(F6),MONTH(F6),DAY(F6))+VLOOKUP(G6,IBase!A:AJ,(29+WEEKDAY(F6,2)),0)))-(DATE(YEAR(F6),MONTH(F6),DAY(F6))+VLOOKUP(G6,IBase!A:AC,(22+WEEKDAY(F6,2)),0)))),0,MAX(0,(IF(F6<DATE(YEAR(F6),MONTH(F6),DAY(F6))+VLOOKUP(G6,IBase!A:AJ,(29+WEEKDAY(F6,2)),0),F6,DATE(YEAR(F6),MONTH(F6),DAY(F6))+VLOOKUP(G6,IBase!A:AJ,(29+WEEKDAY(F6,2)),0)))-(DATE(YEAR(F6),MONTH(F6),DAY(F6))+VLOOKUP(G6,IBase!A:AC,(22+WEEKDAY(F6,2)),0)))) -> 0.22222222 | L6: =IF(AND(INT($E6)<=L$1,INT($F6)>=L$1),IF(L$2="X",0,IF(INT($E6)=INT($F6),$I6*1440,IF((INT($F6)-INT($E6))>=2,IF(INT($E6)=INT(L$1),$J6*1440,IF(INT($F6)=INT(L$1),$K6*1440,IF(ISERROR(VLOOKUP($G6,IBase!$A:$AQ,36+WEEKDAY(DATE(YEAR(L$1),MONTH(L$1),DAY(L$1)),2),0)),0,VLOOKUP($G6,IBase!$A:$AQ,36+WEEKDAY(DATE(YEAR(L$1),MONTH(L$1),DAY(L$1)),2),0)))),IF(INT($E6)=INT(L$1),$J6*1440,$K6*1440)))),"") | M6: =IF(AND(INT($E6)<=M$1,INT($F6)>=M$1),IF(M$2="X",0,IF(INT($E6)=INT($F6),$I6*1440,IF((INT($F6)-INT($E6))>=2,IF(INT($E6)=INT(M$1),$J6*1440,IF(INT($F6)=INT(M$1),$K6*1440,IF(ISERROR(VLOOKUP($G6,IBase!$A:$AQ,36+WEEKDAY(DATE(YEAR(M$1),MONTH(M$1),DAY(M$1)),2),0)),0,VLOOKUP($G6,IBase!$A:$AQ,36+WEEKDAY(DATE(YEAR(M$1),MONTH(M$1),DAY(M$1)),2),0)))),IF(INT($E6)=INT(M$1),$J6*1440,$K6*1440)))),"") | N6: =IF(AND(INT($E6)<=N$1,INT($F6)>=N$1),IF(N$2="X",0,IF(INT($E6)=INT($F6),$I6*1440,IF((INT($F6)-INT($E6))>=2,IF(INT($E6)=INT(N$1),$J6*1440,IF(INT($F6)=INT(N$1),$K6*1440,IF(ISERROR(VLOOKUP($G6,IBase!$A:$AQ,36+WEEKDAY(DATE(YEAR(N$1),MONTH(N$1),DAY(N$1)),2),0)),0,VLOOKUP($G6,IBase!$A:$AQ,36+WEEKDAY(DATE(YEAR(N$1),MONTH(N$1),DAY(N$1)),2),0)))),IF(INT($E6)=INT(N$1),$J6*1440,$K6*1440)))),"") | O6: =IF(AND(INT($E6)<=O$1,INT($F6)>=O$1),IF(O$2="X",0,IF(INT($E6)=INT($F6),$I6*1440,IF((INT($F6)-INT($E6))>=2,IF(INT($E6)=INT(O$1),$J6*1440,IF(INT($F6)=INT(O$1),$K6*1440,IF(ISERROR(VLOOKUP($G6,IBase!$A:$AQ,36+WEEKDAY(DATE(YEAR(O$1),MONTH(O$1),DAY(O$1)),2),0)),0,VLOOKUP($G6,IBase!$A:$AQ,36+WEEKDAY(DATE(YEAR(O$1),MONTH(O$1),DAY(O$1)),2),0)))),IF(INT($E6)=INT(O$1),$J6*1440,$K6*1440)))),"") | P6: =IF(AND(INT($E6)<=P$1,INT($F6)>=P$1),IF(P$2="X",0,IF(INT($E6)=INT($F6),$I6*1440,IF((INT($F6)-INT($E6))>=2,IF(INT($E6)=INT(P$1),$J6*1440,IF(INT($F6)=INT(P$1),$K6*1440,IF(ISERROR(VLOOKUP($G6,IBase!$A:$AQ,36+WEEKDAY(DATE(YEAR(P$1),MONTH(P$1),DAY(P$1)),2),0)),0,VLOOKUP($G6,IBase!$A:$AQ,36+WEEKDAY(DATE(YEAR(P$1),MONTH(P$1),DAY(P$1)),2),0)))),IF(INT($E6)=INT(P$1),$J6*1440,$K6*1440)))),"") | Q6: =IF(AND(INT($E6)<=Q$1,INT($F6)>=Q$1),IF(Q$2="X",0,IF(INT($E6)=INT($F6),$I6*1440,IF((INT($F6)-INT($E6))>=2,IF(INT($E6)=INT(Q$1),$J6*1440,IF(INT($F6)=INT(Q$1),$K6*1440,IF(ISERROR(VLOOKUP($G6,IBase!$A:$AQ,36+WEEKDAY(DATE(YEAR(Q$1),MONTH(Q$1),DAY(Q$1)),2),0)),0,VLOOKUP($G6,IBase!$A:$AQ,36+WEEKDAY(DATE(YEAR(Q$1),MONTH(Q$1),DAY(Q$1)),2),0)))),IF(INT($E6)=INT(Q$1),$J6*1440,$K6*1440)))),"") | R6: =IF(AND(INT($E6)<=R$1,INT($F6)>=R$1),IF(R$2="X",0,IF(INT($E6)=INT($F6),$I6*1440,IF((INT($F6)-INT($E6))>=2,IF(INT($E6)=INT(R$1),$J6*1440,IF(INT($F6)=INT(R$1),$K6*1440,IF(ISERROR(VLOOKUP($G6,IBase!$A:$AQ,36+WEEKDAY(DATE(YEAR(R$1),MONTH(R$1),DAY(R$1)),2),0)),0,VLOOKUP($G6,IBase!$A:$AQ,36+WEEKDAY(DATE(YEAR(R$1),MONTH(R$1),DAY(R$1)),2),0)))),IF(INT($E6)=INT(R$1),$J6*1440,$K6*1440)))),"") | S6: =IF(AND(INT($E6)<=S$1,INT($F6)>=S$1),IF(S$2="X",0,IF(INT($E6)=INT($F6),$I6*1440,IF((INT($F6)-INT($E6))>=2,IF(INT($E6)=INT(S$1),$J6*1440,IF(INT($F6)=INT(S$1),$K6*1440,IF(ISERROR(VLOOKUP($G6,IBase!$A:$AQ,36+WEEKDAY(DATE(YEAR(S$1),MONTH(S$1),DAY(S$1)),2),0)),0,VLOOKUP($G6,IBase!$A:$AQ,36+WEEKDAY(DATE(YEAR(S$1),MONTH(S$1),DAY(S$1)),2),0)))),IF(INT($E6)=INT(S$1),$J6*1440,$K6*1440)))),"") | ... AT6: =IF(AND(INT($E6)<=AT$1,INT($F6)>=AT$1),IF(AT$2="X",0,IF(INT($E6)=INT($F6),$I6*1440,IF((INT($F6)-INT($E6))>=2,IF(INT($E6)=INT(AT$1),$J6*1440,IF(INT($F6)=INT(AT$1),$K6*1440,IF(ISERROR(VLOOKUP($G6,IBase!$A:$AQ,36+WEEKDAY(DATE(YEAR(AT$1),MONTH(AT$1),DAY(AT$1)),2),0)),0,VLOOKUP($G6,IBase!$A:$AQ,36+WEEKDAY(DATE(YEAR(AT$1),MONTH(AT$1),DAY(AT$1)),2),0)))),IF(INT($E6)=INT(AT$1),$J6*1440,$K6*1440)))),"") -> 320

Sheet IBase
A1: Atm | B1: Id-DN | C1: Sitio | D1: Domicilio | E1: Ciudad | F1: Cp | G1: Estado | H1: Cs | I1: Plataforma | J1: Traslado Estimado | K1: SLA.Travel | L1: SLA.Fix | M1: Cedula | N1: Cobertura/Atención | O1: Cliente | P1: Serie | Q1: Equipo | R1: -- | S1: -- | T1: -- | U1: Knd | V1: VentanaUT | W1: 1 | X1: 2 | Y1: 3 | Z1: 4 | AA1: 5 | AB1: 6 | AC1: 7 | AD1: 1 | AE1: 2 | AF1: 3 | AG1: 4 | AH1: 5 | AI1: 6 | AJ1: 7 | AK1: 1 | AL1: 2 | AM1: 3 | AN1: 4 | AO1: 5 | AP1: 6 | AQ1: 7
A2: V00124 | B2: V00124 | C2: - | D2: - | E2: - | F2: - | G2: - | H2: - | I2: - | J2: - | K2: - | L2: - | M2: - | N2: - | O2: - | P2: - | Q2: - | R2: L-V(9-17) | S2: - | T2: - | U2: - | V2: Coverage | W2: 0.375 | X2: 0.375 | Y2: 0.375 | Z2: 0.375 | AA2: 0.375 | AB2: - | AC2: - | AD2: 0.70833333 | AE2: 0.70833333 | AF2: 0.70833333 | AG2: 0.70833333 | AH2: 0.70833333 | AI2: - | AJ2: - | AK2: 480 | AL2: 480 | AM2: 480 | AN2: 480 | AO2: 480 | AP2: 0 | AQ2: 0
A3: V00127 | B3: V00127 | C3: - | D3: - | E3: - | F3: - | G3: - | H3: - | I3: - | J3: - | K3: - | L3: - | M3: - | N3: - | O3: - | P3: - | Q3: - | R3: L-S(9-17) | S3: - | T3: - | U3: - | V3: 24/7 | W3: 0.375 | X3: 0.375 | Y3: 0.375 | Z3: 0.375 | AA3: 0.375 | AB3: 0.375 | AC3: - | AD3: 0.79166667 | AE3: 0.79166667 | AF3: 0.79166667 | AG3: 0.79166667 | AH3: 0.79166667 | AI3: 0.79166667 | AJ3: - | AK3: 600 | AL3: 600 | AM3: 600 | AN3: 600 | AO3: 600 | AP3: 600 | AQ3: 0
A4: V00136 | B4: V00136 | C4: - | D4: - | E4: - | F4: - | G4: - | H4: - | I4: - | J4: - | K4: - | L4: - | M4: - | N4: - | O4: - | P4: - | Q4: - | R4: L-V(8-20),S-D(9-14) | S4: - | T4: - | U4: - | V4: 24/7 | W4: 0.33333333 | X4: 0.33333333 | Y4: 0.33333333 | Z4: 0.33333333 | AA4: 0.33333333 | AB4: 0.375 | AC4: 0.375 | AD4: 0.83333333 | AE4: 0.83333333 | AF4: 0.83333333 | AG4: 0.83333333 | AH4: 0.83333333 | AI4: 0.58333333 | AJ4: 0.58333333 | AK4: 720 | AL4: 720 | AM4: 720 | AN4: 720 | AO4: 720 | AP4: 300 | AQ4: 300
